Team,Name,Salary
coyotes,"Ekman-Larsson, Oliver","$8,250,000"
coyotes,"Kessel, Phil","$6,800,000"
coyotes,"Stepan, Derek","$6,500,000"
coyotes,"Schmaltz, Nick","$5,850,000"
coyotes,"Goligoski, Alex","$5,475,000"
coyotes,"Hossa, Marián","$5,275,000"
coyotes,"Hjalmarsson, Niklas","$5,000,000"
coyotes,"Söderberg, Carl","$4,750,000"
coyotes,"Chychrun, Jakob","$4,600,000"
coyotes,"Dvorak, Christian","$4,450,000"
coyotes,"Raanta, Antti","$4,250,000"
coyotes,"Demers, Jason","$3,937,500"
coyotes,"Grabner, Michael","$3,350,000"
coyotes,"Kuemper, Darcy","$1,850,000"
coyotes,"Hall, Taylor","$3,000,000"
coyotes,"Crouse, Lawson","$1,533,333"
coyotes,"Hinostroza, Vinnie","$1,500,000"
coyotes,"Oesterle, Jordan","$1,400,000"
coyotes,"Richardson, Brad","$1,250,000"
coyotes,"Keller, Clayton","$885,833"
coyotes,"Lyubushkin, Ilya","$874,125"
coyotes,"Fischer, Christian","$821,666"
coyotes,"Garland, Conor","$775,000"
coyotes,"Hayton, Barrett","$894,167"
coyotes,"Ness, Aaron","$725,000"
coyotes,"Hill, Adin","$708,750"
coyotes,"Comrie, Eric","$700,000"
coyotes,"Capobianco, Kyle","$745,000"
coyotes,"Chaput, Michael","$675,000"
coyotes,"Prosvetov, Ivan","$809,167"
coyotes,"Russo, Robbie","$700,000"
coyotes,"Gross, Jordan","$925,000"
coyotes,"Burke, Brayden","$925,000"
coyotes,"Bunting, Michael","$737,500"
coyotes,"Speers, Blake","$728,333"
coyotes,"Källgren, Erik","$817,500"
coyotes,"Mayo, Dysin","$715,000"
coyotes,"Bennett, Beau","$725,000"
coyotes,"Dineen, Cam","$745,000"
coyotes,"Miele, Andy","$725,000"
coyotes,"Madsen, Merrick","$767,500"
coyotes,"Hännikäinen, Markus","$750,000"
coyotes,"Smereck, Jalen","$686,667"
coyotes,"Pederson, Lane","$690,000"
coyotes,"Schnarr, Nathan","$786,667"
coyotes,"Fiore, Giovanni","$701,667"
coyotes,"Fasching, Hudson","$737,500"
coyotes,"Birks, Dane","$755,000"
coyotes,"Bahl, Kevin","$817,500"
coyotes,"Jeník, Jan","$817,500"
coyotes,"Merkley, Nick","$863,333"
coyotes,"Söderström, Victor","$925,000"
coyotes,"Saarijärvi, Vili","$697,500"
coyotes,"Steenbergen, Tyler","$770,833"
goldenknights,"Stone, Mark","$9,500,000"
goldenknights,"Fleury, Marc-André","$7,000,000"
goldenknights,"Pacioretty, Max","$7,000,000"
goldenknights,"Stastny, Paul","$6,500,000"
goldenknights,"Schmidt, Nate","$5,950,000"
goldenknights,"Karlsson, William","$5,900,000"
goldenknights,"Theodore, Shea","$5,200,000"
goldenknights,"Smith, Reilly","$5,000,000"
goldenknights,"Marchessault, Jonathan","$5,000,000"
goldenknights,"Tuch, Alex","$4,750,000"
goldenknights,"Eakin, Cody","$3,850,000"
goldenknights,"Reaves, Ryan","$2,775,000"
goldenknights,"McNabb, Brayden","$2,500,000"
goldenknights,"Holden, Nick","$2,200,000"
goldenknights,"Merrill, Jon","$1,375,000"
goldenknights,"Nosek, Tomas","$1,000,000"
goldenknights,"Martinez, Alec","$4,000,000"
goldenknights,"Carrier, William","$725,000"
goldenknights,"Engelland, Deryk","$700,000"
goldenknights,"Stephenson, Chandler","$1,050,000"
goldenknights,"Subban, Malcolm","$850,000"
goldenknights,"Roy, Nicolas","$720,000"
goldenknights,"Lehner, Robin","$1,400,000"
goldenknights,"Whitecloud, Zach","$925,000"
goldenknights,"Cousins, Nick","$1,000,000"
goldenknights,"Glass, Cody","$863,333"
goldenknights,"Hague, Nicolas","$791,667"
goldenknights,"Pirri, Brandon","$775,000"
goldenknights,"Zykov, Valentin","$675,000"
goldenknights,"Kolesar, Keegan","$702,500"
goldenknights,"Bischoff, Jake","$716,667"
goldenknights,"Schuldt, Jimmy","$850,000"
goldenknights,"Dansk, Oscar","$675,000"
goldenknights,"Sparks, Garret","$750,000"
goldenknights,"Quinney, Gage","$715,000"
goldenknights,"Brown, Patrick","$700,000"
goldenknights,"McKenzie, Curtis","$750,000"
goldenknights,"Lernout, Brett","$700,000"
goldenknights,"Duke, Reid","$770,000"
goldenknights,"Goulbourne, Tyrell","$700,000"
goldenknights,"Elvenes, Lucas","$776,667"
goldenknights,"Leschyshyn, Jake","$778,333"
goldenknights,"Coghlan, Dylan","$715,556"
goldenknights,"Jones, Benjamin","$760,000"
goldenknights,"Megna, Jaycob","$700,000"
goldenknights,"Ferguson, Dylan","$733,333"
goldenknights,"Cotter, Paul","$770,000"
goldenknights,"Krebs, Peyton","$925,000"
goldenknights,"Korczak, Kaedan","$809,167"
goldenknights,"Røndbjerg, Jonas","$806,667"
goldenknights,"Kallionkieli, Marcus","$795,833"
goldenknights,"Pachal, Brayden","$765,000"
goldenknights,"Whitecloud, Zach",$0
goldenknights,"Tatar, Tomas","$500,000"
ducks,"Getzlaf, Ryan","$8,250,000"
ducks,"Kesler, Ryan","$6,875,000"
ducks,"Fowler, Cam","$6,500,000"
ducks,"Gibson, John","$6,400,000"
ducks,"Henrique, Adam","$5,825,000"
ducks,"Silfverberg, Jakob","$5,250,000"
ducks,"Lindholm, Hampus","$5,205,556"
ducks,"Manson, Josh","$4,100,000"
ducks,"Rakell, Rickard","$3,789,444"
ducks,"Gudbranson, Erik","$4,000,000"
ducks,"Eaves, Patrick","$3,150,000"
ducks,"Kase, Ondrej","$2,600,000"
ducks,"Shore, Devin","$2,300,000"
ducks,"Ritchie, Nick","$1,498,925"
ducks,"Rowney, Carter","$1,133,333"
ducks,"Miller, Ryan","$1,125,000"
ducks,"Backes, David","$4,500,000"
ducks,"Deslauriers, Nicolas","$950,000"
ducks,"Steel, Sam","$863,333"
ducks,"Larsson, Jacob","$894,166"
ducks,"Del Zotto, Michael","$750,000"
ducks,"Jones, Max","$863,333"
ducks,"Holzer, Korbinian","$850,000"
ducks,"Heinen, Danton","$2,800,000"
ducks,"Grant, Derek","$700,000"
ducks,"Djoos, Christian","$1,250,000"
ducks,"Milano, Sonny","$874,125"
ducks,"Agozzino, Andrew","$700,000"
ducks,"Irwin, Matt","$675,000"
ducks,"Terry, Troy","$925,000"
ducks,"Comtois, Maxime","$820,000"
ducks,"Guhle, Brendan","$697,500"
ducks,"Sherwood, Kiefer","$925,000"
ducks,"Lundeström, Isac","$925,000"
ducks,"Hakanpää, Jani","$850,000"
ducks,"Mahura, Josh","$745,000"
ducks,"Stolarz, Anthony","$750,000"
ducks,"Sprong, Daniel","$750,000"
ducks,"Carrick, Sam","$700,000"
ducks,"De Leo, Chase","$750,000"
ducks,"Pietila, Blake","$750,000"
ducks,"Benoit, Simon","$809,166"
ducks,"Wideman, Chris","$700,000"
ducks,"Sideroff, Deven","$728,333"
ducks,"Kopacka, Jack","$745,000"
ducks,"Mueller, Chris","$700,000"
ducks,"Dostie, Alex","$759,167"
ducks,"Sieloff, Patrick","$700,000"
ducks,"Morand, Antoine","$778,333"
ducks,"Kloos, Justin","$700,000"
ducks,"Martinsen, Andreas","$750,000"
ducks,"Poturalski, Andrew","$700,000"
ducks,"Eriksson Ek, Olle","$773,889"
ducks,"Criscuolo, Kyle","$700,000"
ducks,"Groulx, Benoit-Olivier","$836,667"
ducks,"Redmond, Angus","$842,500"
ducks,"Andersson, Axel","$795,000"
ducks,"Dostal, Lukas","$836,667"
ducks,"Boyle, Kevin","$675,000"
ducks,"Persson, Joel","$1,000,000"
ducks,"Tracey, Brayden","$925,000"
ducks,"Steel, Sam","$227,437"
ducks,"Shore, Devin","$759,000"
bruins,"Krejci, David","$7,250,000"
bruins,"Rask, Tuukka","$7,000,000"
bruins,"Bergeron, Patrice","$6,875,000"
bruins,"Pastrnak, David","$6,666,666"
bruins,"Marchand, Brad","$6,125,000"
bruins,"Krug, Torey","$5,250,000"
bruins,"McAvoy, Charlie","$4,900,000"
bruins,"Backes, David","$6,000,000"
bruins,"Coyle, Charlie","$3,200,000"
bruins,"Carlo, Brandon","$2,850,000"
bruins,"Halák, Jaroslav","$2,750,000"
bruins,"Moore, John","$2,750,000"
bruins,"Miller, Kevan","$2,500,000"
bruins,"Heinen, Danton","$2,800,000"
bruins,"Chara, Zdeno","$2,000,000"
bruins,"Grzelcyk, Matt","$1,400,000"
bruins,"Kuraly, Sean","$1,275,000"
bruins,"Wagner, Chris","$1,250,000"
bruins,"Nordström, Joakim","$1,000,000"
bruins,"DeBrusk, Jake","$863,333"
bruins,"Lindholm, Pär","$850,000"
bruins,"Bjork, Anders","$925,000"
bruins,"Clifton, Connor","$725,000"
bruins,"Kase, Ondrej","$2,600,000"
bruins,"Ritchie, Nick","$1,498,925"
bruins,"Blidh, Anton","$700,000"
bruins,"Lauzon, Jérémy","$747,500"
bruins,"Ritchie, Brett","$1,000,000"
bruins,"Kuhlman, Karson","$750,000"
bruins,"Kampfer, Steven","$800,000"
bruins,"Senyshyn, Zach","$863,333"
bruins,"Vaakanainen, Urho","$894,167"
bruins,"Gaunce, Brendan","$700,000"
bruins,"Studnicka, Jack","$769,167"
bruins,"Cehlárik, Peter","$700,000"
bruins,"Vladar, Daniel","$728,333"
bruins,"Frederic, Trent","$925,000"
bruins,"Hughes, Cameron","$792,500"
bruins,"Carey, Paul","$700,000"
bruins,"Lagacé, Maxime","$700,000"
bruins,"Steen, Oskar","$809,167"
bruins,"Fitzgerald, Ryan","$700,000"
bruins,"Zboril, Jakub","$863,333"
bruins,"Sherman, Wiley","$767,500"
bruins,"Petrovic, Alex","$700,000"
bruins,"Keyser, Kyle","$733,333"
bruins,"Shen, Pavel","$809,167"
bruins,"Lauko, Jakub","$786,667"
bruins,"Andersson, Axel","$795,000"
bruins,"Koppanen, Joona","$753,333"
bruins,"Blidh, Anton","$7,526"
bruins,"Beleskey, Matt","$1,900,000"
bruins,"Backes, David","$1,500,000"
sabres,"Eichel, Jack","$10,000,000"
sabres,"Skinner, Jeff","$9,000,000"
sabres,"Okposo, Kyle","$6,000,000"
sabres,"Ristolainen, Rasmus","$5,400,000"
sabres,"Johansson, Marcus","$4,500,000"
sabres,"Miller, Colin","$3,875,000"
sabres,"Bogosian, Zach","$5,142,857"
sabres,"Reinhart, Sam","$3,650,000"
sabres,"Sobotka, Vladimír","$3,500,000"
sabres,"Montour, Brandon","$3,387,500"
sabres,"McCabe, Jake","$2,850,000"
sabres,"Hutton, Carter","$2,750,000"
sabres,"Sheary, Conor","$3,000,000"
sabres,"Vesey, Jimmy","$2,275,000"
sabres,"Hunwick, Matt","$2,250,000"
sabres,"Frolík, Michael","$4,300,000"
sabres,"Scandella, Marco","$4,000,000"
sabres,"Girgensons, Zemgus","$1,600,000"
sabres,"Rodrigues, Evan","$2,000,000"
sabres,"Larsson, Johan","$1,550,000"
sabres,"Ullmark, Linus","$1,325,000"
sabres,"Dahlin, Rasmus","$925,000"
sabres,"Jokiharju, Henri","$925,000"
sabres,"Olofsson, Victor","$767,500"
sabres,"Thompson, Tage","$925,000"
sabres,"Simmonds, Wayne","$2,500,000"
sabres,"Lazar, Curtis","$700,000"
sabres,"Pilut, Lawrence","$925,000"
sabres,"Kahun, Dominik","$925,000"
sabres,"Mittelstadt, Casey","$925,000"
sabres,"Asplund, Rasmus","$845,000"
sabres,"Gilmour, John","$700,000"
sabres,"Johansson, Jonas","$759,167"
sabres,"Wilson, Scott","$1,050,000"
sabres,"Dea, Jean-Sébastien","$700,000"
sabres,"Smith, Dalton","$700,000"
sabres,"Hammond, Andrew","$700,000"
sabres,"Borgen, William","$864,166"
sabres,"Nelson, Casey","$812,500"
sabres,"Stephens, Devante","$743,333"
sabres,"Fitzgerald, Casey","$858,750"
sabres,"Hickey, Brandon","$925,000"
sabres,"Ruotsalainen, Arttu","$925,000"
sabres,"Spencer, Matthew","$728,333"
sabres,"Elie, Remi","$700,000"
sabres,"Luukkonen, Ukko-Pekka","$778,333"
sabres,"Leier, Taylor","$700,000"
sabres,"Bryson, Jacob","$889,166"
sabres,"Pekar, Matej","$778,333"
sabres,"Cozens, Dylan","$925,000"
sabres,"Oglevie, Andrew","$925,000"
sabres,"Smith, C.J.","$700,000"
sabres,"Luukkonen, Ukko-Pekka",$0
flames,"Tkachuk, Matthew","$7,000,000"
flames,"Gaudreau, Johnny","$6,750,000"
flames,"Giordano, Mark","$6,750,000"
flames,"Monahan, Sean","$6,375,000"
flames,"Backlund, Mikael","$5,350,000"
flames,"Lucic, Milan","$5,250,000"
flames,"Hanifin, Noah","$4,950,000"
flames,"Lindholm, Elias","$4,850,000"
flames,"Brodie, TJ","$4,650,400"
flames,"Hamonic, Travis","$3,857,143"
flames,"Ryan, Derek","$3,125,000"
flames,"Talbot, Cam","$2,750,000"
flames,"Rittich, David","$2,750,000"
flames,"Bennett, Sam","$2,550,000"
flames,"Frolík, Michael","$4,300,000"
flames,"Jankowski, Mark","$1,675,000"
flames,"Välimäki, Juuso","$894,166"
flames,"Andersson, Rasmus","$755,833"
flames,"Mangiapane, Andrew","$715,000"
flames,"Stone, Michael","$700,000"
flames,"Rieder, Tobias","$700,000"
flames,"Kylington, Oliver","$730,833"
flames,"Dubé, Dillon","$778,333"
flames,"Rinaldo, Zac","$700,000"
flames,"Forbort, Derek","$1,893,750"
flames,"Gustafsson, Erik","$1,200,000"
flames,"Davidson, Brandon","$700,000"
flames,"Czarnik, Austin","$1,250,000"
flames,"Yelesin, Alexander","$925,000"
flames,"Robinson, Buddy","$700,000"
flames,"Quine, Alan","$735,000"
flames,"Gawdin, Glenn","$775,833"
flames,"Phillips, Matthew","$733,333"
flames,"Valiev, Rinat","$700,000"
flames,"Froese, Byron","$700,000"
flames,"Schneider, Nick","$675,000"
flames,"Gillies, Jon","$750,000"
flames,"Nielsen, Andrew","$697,500"
flames,"Parsons, Tyler","$759,167"
flames,"Kirkland, Justin","$700,000"
flames,"Tuulola, Eetu","$809,167"
flames,"Ruzicka, Adam","$801,666"
flames,"Lomberg, Ryan","$700,000"
flames,"Zavgorodny, Dmitri","$786,666"
flames,"Pelletier, Jakob","$925,000"
flames,"Philp, Luke","$817,500"
flames,"Zagidulin, Artyom","$842,500"
flames,"Lerby, Carl-Johan","$925,000"
flames,"Pospisil, Martin","$796,667"
hurricanes,"Aho, Sebastian","$8,454,000"
hurricanes,"Staal, Jordan","$6,000,000"
hurricanes,"Hamilton, Dougie","$5,750,000"
hurricanes,"Teräväinen, Teuvo","$5,400,000"
hurricanes,"Slavin, Jaccob","$5,300,000"
hurricanes,"Niederreiter, Nino","$5,250,000"
hurricanes,"Gardiner, Jake","$4,050,000"
hurricanes,"Pesce, Brett","$4,025,000"
hurricanes,"Reimer, James","$3,400,000"
hurricanes,"Dzingel, Ryan","$3,375,000"
hurricanes,"Mrázek, Petr","$3,125,000"
hurricanes,"Edmundson, Joel","$3,100,000"
hurricanes,"van Riemsdyk, Trevor","$2,300,000"
hurricanes,"Haula, Erik","$2,750,000"
hurricanes,"McGinn, Brock","$2,100,000"
hurricanes,"Martinook, Jordan","$2,000,000"
hurricanes,"Skjei, Brady","$5,250,000"
hurricanes,"Trocheck, Vincent","$4,750,000"
hurricanes,"Svechnikov, Andrei","$925,000"
hurricanes,"Necas, Martin","$863,333"
hurricanes,"Fleury, Haydn","$850,000"
hurricanes,"Foegele, Warren","$746,667"
hurricanes,"Vatanen, Sami","$2,437,500"
hurricanes,"Wallmark, Lucas","$675,000"
hurricanes,"Williams, Justin","$700,000"
hurricanes,"Gauthier, Julien","$863,333"
hurricanes,"Claesson, Fredrik","$700,000"
hurricanes,"Gibbons, Brian","$725,000"
hurricanes,"Forsberg, Anton","$775,000"
hurricanes,"Luostarinen, Eetu","$897,500"
hurricanes,"Nedeljkovic, Alex","$737,500"
hurricanes,"Bishop, Clark","$700,000"
hurricanes,"Geekie, Morgan","$763,333"
hurricanes,"McCormick, Max","$700,000"
hurricanes,"Booth, Callum","$741,667"
hurricanes,"Lintuniemi, Alex","$700,000"
hurricanes,"Bean, Jake","$863,333"
hurricanes,"Forsling, Gustav","$874,125"
hurricanes,"Wood, Kyle","$700,000"
hurricanes,"Kuokkanen, Janne","$811,666"
hurricanes,"Helvig, Jeremy","$761,666"
hurricanes,"Smallman, Spencer","$741,667"
hurricanes,"Priskie, Chase","$925,000"
hurricanes,"McKeown, Roland","$700,000"
hurricanes,"Mattheos, Stelio","$809,166"
hurricanes,"Keane, Joey","$809,166"
hurricanes,"Lorentz, Steven","$728,333"
hurricanes,"Bokk, Dominik","$894,167"
hurricanes,"Suzuki, Ryan","$925,000"
hurricanes,"Sellgren, Jesper","$803,333"
hurricanes,"Pritchard, Jacob","$842,500"
hurricanes,"Kaski, Oliwer","$925,000"
hurricanes,"McCormick, Max",$0
hurricanes,"Faulk, Justin","$683,333"
blackhawks,"Toews, Jonathan","$10,500,000"
blackhawks,"Kane, Patrick","$10,500,000"
blackhawks,"Seabrook, Brent","$6,875,000"
blackhawks,"Saad, Brandon","$6,000,000"
blackhawks,"Crawford, Corey","$6,000,000"
blackhawks,"Keith, Duncan","$5,538,462"
blackhawks,"De Haan, Calvin","$4,550,000"
blackhawks,"Määttä, Olli","$4,083,333"
blackhawks,"Shaw, Andrew","$3,900,000"
blackhawks,"Lehner, Robin","$5,000,000"
blackhawks,"Murphy, Connor","$3,850,000"
blackhawks,"Smith, Zack","$3,250,000"
blackhawks,"Caggiula, Drake","$1,500,000"
blackhawks,"Carpenter, Ryan","$1,000,000"
blackhawks,"Kämpf, David","$1,000,000"
blackhawks,"Gustafsson, Erik","$1,200,000"
blackhawks,"Koekkoek, Slater","$925,000"
blackhawks,"Kubalik, Dominik","$925,000"
blackhawks,"Dach, Kirby","$925,000"
blackhawks,"Strome, Dylan","$863,333"
blackhawks,"Nylander, Alexander","$863,333"
blackhawks,"DeBrincat, Alex","$778,333"
blackhawks,"Boqvist, Adam","$894,167"
blackhawks,"Highmore, Matthew","$775,833"
blackhawks,"Seeler, Nick","$725,000"
blackhawks,"Subban, Malcolm","$850,000"
blackhawks,"Carlsson, Lucas","$792,500"
blackhawks,"Hagel, Brandon","$880,833"
blackhawks,"Perlini, Brendan","$874,125"
blackhawks,"Beaudin, Nicolas","$894,167"
blackhawks,"Saarela, Aleksi","$753,333"
blackhawks,"Gilbert, Dennis","$925,000"
blackhawks,"Sikura, Dylan","$750,000"
blackhawks,"Quenneville, John","$750,000"
blackhawks,"Wedin, Anton","$925,000"
blackhawks,"Lankinen, Kevin","$925,000"
blackhawks,"McCoshen, Ian","$700,000"
blackhawks,"Knott, Graham","$728,333"
blackhawks,"Tomkins, Matt","$700,000"
blackhawks,"Noel, Nathan","$775,833"
blackhawks,"Fortin, Alexandre","$706,666"
blackhawks,"Söderlund, Tim","$825,833"
blackhawks,"Entwistle, Mackenzie","$811,667"
blackhawks,"Tuulola, Joni","$767,500"
blackhawks,"Cramarossa, Joseph","$700,000"
blackhawks,"Holm, Philip","$700,000"
blackhawks,"Delia, Collin","$1,000,000"
blackhawks,"Kurashev, Philipp","$842,500"
blackhawks,"Brennan, T.J.","$675,000"
blackhawks,"Krys, Chad","$853,333"
blackhawks,"Nilsson, Jacob","$700,000"
blackhawks,"Hakkarainen, Mikael","$825,833"
blackhawks,"Johnson, Reese","$880,833"
blackhawks,"Regula, Alec","$897,500"
blackhawks,"Quenneville, John","$274,194"
blackhawks,"Dach, Kirby",$0
blackhawks,"Lehner, Robin","$2,500,000"
avalanche,"Rantanen, Mikko","$9,250,000"
avalanche,"MacKinnon, Nathan","$6,300,000"
avalanche,"Johnson, Erik","$6,000,000"
avalanche,"Landeskog, Gabriel","$5,571,429"
avalanche,"Kadri, Nazem","$4,500,000"
avalanche,"Cole, Ian","$4,250,000"
avalanche,"Donskoi, Joonas","$3,900,000"
avalanche,"Compher, J.T.","$3,500,000"
avalanche,"Grubauer, Philipp","$3,333,333"
avalanche,"Burakovsky, André","$3,250,000"
avalanche,"Zadorov, Nikita","$3,200,000"
avalanche,"Calvert, Matt","$2,850,000"
avalanche,"Wilson, Colin","$2,600,000"
avalanche,"Nieto, Matt","$1,975,000"
avalanche,"Bellemare, Pierre-Édouard","$1,800,000"
avalanche,"Barberio, Mark","$1,450,000"
avalanche,"Francouz, Pavel","$950,000"
avalanche,"Jost, Tyson","$885,833"
avalanche,"Makar, Cale","$880,833"
avalanche,"Nichushkin, Valeri","$850,000"
avalanche,"Kamenev, Vladislav","$750,000"
avalanche,"Graves, Ryan","$735,000"
avalanche,"Girard, Samuel","$728,333"
avalanche,"Namestnikov, Vladislav","$3,250,000"
avalanche,"Connauton, Kevin","$1,375,000"
avalanche,"Hutchinson, Michael","$700,000"
avalanche,"Rosén, Calle","$750,000"
avalanche,"O'Connor, Logan","$925,000"
avalanche,"Tynan, T.J.","$700,000"
avalanche,"Kaut, Martin","$894,167"
avalanche,"Megna, Jayson","$700,000"
avalanche,"Werner, Adam","$842,500"
avalanche,"Dries, Sheldon","$735,000"
avalanche,"Lindholm, Anton","$742,500"
avalanche,"Timmins, Conor","$925,000"
avalanche,"Greer, AJ","$735,000"
avalanche,"Miska, Hunter","$700,000"
avalanche,"Bibeau, Antoine","$675,000"
avalanche,"Shvyryov, Igor","$775,833"
avalanche,"Barron, Travis","$741,666"
avalanche,"Bowers, Shane","$925,000"
avalanche,"Henry, Nicholas","$798,333"
avalanche,"Lewis, Ty","$716,666"
avalanche,"Renouf, Daniel","$700,000"
avalanche,"Byram, Bowen","$925,000"
avalanche,"Dickinson, Josh","$925,000"
avalanche,"Alt, Mark","$725,000"
avalanche,"MacDonald, Jacob","$750,000"
avalanche,"Anderson, Josh","$765,000"
avalanche,"Barrie, Tyson","$2,750,000"
bluejackets,"Atkinson, Cam","$5,875,000"
bluejackets,"Dubinsky, Brandon","$5,850,000"
bluejackets,"Foligno, Nick","$5,500,000"
bluejackets,"Nyquist, Gustav","$5,500,000"
bluejackets,"Jones, Seth","$5,400,000"
bluejackets,"Werenski, Zachary","$5,000,000"
bluejackets,"Wennberg, Alexander","$4,900,000"
bluejackets,"Murray, Ryan","$4,600,000"
bluejackets,"Savard, David","$4,250,000"
bluejackets,"Jenner, Boone","$3,750,000"
bluejackets,"Nash, Riley","$2,750,000"
bluejackets,"Nutivaara, Markus","$2,700,000"
bluejackets,"Bjorkstrand, Oliver","$2,500,000"
bluejackets,"Anderson, Josh","$1,850,000"
bluejackets,"Harrington, Scott","$1,633,333"
bluejackets,"Korpisalo, Joonas","$1,150,000"
bluejackets,"Gavrikov, Vladislav","$925,000"
bluejackets,"Dubois, Pierre-Luc","$894,166"
bluejackets,"Merzlikins, Elvis","$874,125"
bluejackets,"Kukan, Dean","$725,000"
bluejackets,"Robinson, Eric","$874,125"
bluejackets,"Milano, Sonny","$874,125"
bluejackets,"Lilja, Jakob","$842,500"
bluejackets,"Peeke, Andrew","$916,667"
bluejackets,"Stenlund, Kevin","$864,166"
bluejackets,"Gerbe, Nathan","$675,000"
bluejackets,"Carlsson, Gabriel","$894,166"
bluejackets,"Shore, Devin","$1,541,000"
bluejackets,"MacInnis, Ryan","$874,125"
bluejackets,"Matteau, Stefan","$725,000"
bluejackets,"Bemström, Emil","$925,000"
bluejackets,"Texier, Alexandre","$897,500"
bluejackets,"Kivlenieks, Matiss","$925,000"
bluejackets,"Sherwood, Kole","$694,444"
bluejackets,"Hännikäinen, Markus","$750,000"
bluejackets,"Clendening, Adam","$700,000"
bluejackets,"Thürkauf, Calvin","$714,444"
bluejackets,"Dano, Marko","$800,000"
bluejackets,"Foudy, Liam","$894,167"
bluejackets,"Vehvilainen, Veini","$925,000"
bluejackets,"Scott, Justin","$700,000"
bluejackets,"Fortier, Maxime","$759,166"
bluejackets,"Simpson, Dillon","$675,000"
bluejackets,"Bittner, Paul","$747,500"
bluejackets,"Dalpe, Zac","$750,000"
bluejackets,"Somerby, Doyle","$700,000"
bluejackets,"Tarasov, Daniil","$925,000"
bluejackets,"Collins, Ryan","$880,833"
bluejackets,"Fix-Wolansky, Trey","$809,166"
bluejackets,"Prapavessis, Michael","$725,000"
bluejackets,"Foudy, Liam",$0
stars,"Seguin, Tyler","$9,850,000"
stars,"Benn, Jamie","$9,500,000"
stars,"Pavelski, Joe","$7,000,000"
stars,"Radulov, Alexander","$6,250,000"
stars,"Lindell, Esa","$5,800,000"
stars,"Bishop, Ben","$4,916,666"
stars,"Hanzal, Martin","$4,750,000"
stars,"Klingberg, John","$4,250,000"
stars,"Cogliano, Andrew","$3,250,000"
stars,"Khudobin, Anton","$2,500,000"
stars,"Comeau, Blake","$2,400,000"
stars,"Johns, Stephen","$2,350,000"
stars,"Janmark, Mattias","$2,300,000"
stars,"Faksa, Radek","$2,200,000"
stars,"Oleksiak, Jamie","$2,137,500"
stars,"Polák, Roman","$1,750,000"
stars,"Sekera, Andrej","$1,500,000"
stars,"Perry, Corey","$1,500,000"
stars,"Dickinson, Jason","$1,500,000"
stars,"Heiskanen, Miro","$894,166"
stars,"Gurianov, Denis","$894,166"
stars,"Hintz, Roope","$811,667"
stars,"Dowling, Justin","$750,000"
stars,"Fedun, Taylor","$737,500"
stars,"Hanley, Joel","$700,000"
stars,"Kiviranta, Joel","$925,000"
stars,"Gardner, Rhett","$925,000"
stars,"Caamano, Nicholas","$738,333"
stars,"L'Esperance, Joel","$722,500"
stars,"Robertson, Jason","$795,000"
stars,"Bayreuther, Gavin","$700,000"
stars,"Oettinger, Jake","$925,000"
stars,"Vala, Ondrej","$701,666"
stars,"Mascherin, Adam","$775,000"
stars,"Gleason, Benjamin","$761,666"
stars,"Scarlett, Reece","$700,000"
stars,"Point, Colton","$925,000"
stars,"Cecconi, Joseph","$925,000"
stars,"Nyberg, John","$745,000"
stars,"Mersch, Michael","$675,000"
stars,"Kero, Tanner","$737,500"
stars,"Felhaber, Tye","$925,000"
stars,"Bow, Landon","$700,000"
stars,"Dellandrea, Ty","$894,167"
stars,"Barteaux, Dawson","$791,667"
stars,"Damiani, Riley","$813,333"
stars,"Heatherington, Dillon","$700,000"
stars,"Calderone, Tony","$767,500"
stars,"Tufte, Riley","$925,000"
stars,"Melnick, Josh","$925,000"
stars,"Palve, Oula","$792,500"
stars,"Djuse, Emil","$925,000"
stars,"Harley, Thomas","$925,000"
redwings,"Larkin, Dylan","$6,100,000"
redwings,"Zetterberg, Henrik","$6,083,333"
redwings,"Nielsen, Frans","$5,250,000"
redwings,"DeKeyser, Danny","$5,000,000"
redwings,"Abdelkader, Justin","$4,250,000"
redwings,"Green, Mike","$5,375,000"
redwings,"Ericsson, Jonathan","$4,250,000"
redwings,"Howard, Jimmy","$4,000,000"
redwings,"Franzen, Johan","$3,954,545"
redwings,"Helm, Darren","$3,850,000"
redwings,"Mantha, Anthony","$3,300,000"
redwings,"Daley, Trevor","$3,166,666"
redwings,"Bernier, Jonathan","$3,000,000"
redwings,"Filppula, Valtteri","$3,000,000"
redwings,"Nemeth, Patrik","$3,000,000"
redwings,"Athanasiou, Andreas","$3,000,000"
redwings,"Glendening, Luke","$1,800,000"
redwings,"Bertuzzi, Tyler","$1,400,000"
redwings,"Erne, Adam","$1,050,000"
redwings,"Bowey, Madison","$1,000,000"
redwings,"Biega, Alex","$825,000"
redwings,"Perlini, Brendan","$874,125"
redwings,"Ehn, Christoffer","$759,167"
redwings,"Fabbri, Robby","$900,000"
redwings,"Gagner, Sam","$2,835,000"
redwings,"Brodziak, Kyle","$1,150,000"
redwings,"Goloubef, Cody","$800,000"
redwings,"De La Rose, Jacob","$900,000"
redwings,"Timashov, Dmytro","$694,444"
redwings,"Hronek, Filip","$714,166"
redwings,"Zadina, Filip","$894,167"
redwings,"Cholowski, Dennis","$894,166"
redwings,"Hirose, Taro","$925,000"
redwings,"Lindström, Gustav","$775,833"
redwings,"Smith, Givani","$714,166"
redwings,"McIlrath, Dylan","$700,000"
redwings,"Pickard, Calvin","$750,000"
redwings,"Lashoff, Brian","$700,000"
redwings,"Svechnikov, Evgeny","$863,333"
redwings,"Comrie, Eric","$700,000"
redwings,"Hicketts, Joe","$700,000"
redwings,"Fulcher, Kaden","$733,333"
redwings,"Kuffner, Ryan","$925,000"
redwings,"Kaski, Oliwer","$925,000"
redwings,"Turgeon, Dominic","$750,000"
redwings,"Saarijärvi, Vili","$697,500"
redwings,"Puempel, Matt","$675,000"
redwings,"Wood, Kyle","$700,000"
redwings,"Terry, Chris","$675,000"
redwings,"Larsson, Filip","$836,666"
redwings,"Pearson, Chase","$858,750"
redwings,"Pope, David","$925,000"
redwings,"Rasmussen, Michael","$894,166"
redwings,"Elson, Turner","$700,000"
redwings,"McIsaac, Jared","$778,333"
redwings,"Veleno, Joseph","$925,000"
redwings,"Seider, Moritz","$925,000"
redwings,"Pearson, Chase",$0
redwings,"Green, Mike","$2,687,500"
oilers,"McDavid, Connor","$12,500,000"
oilers,"Draisaitl, Leon","$8,500,000"
oilers,"Nugent-Hopkins, Ryan","$6,000,000"
oilers,"Neal, James","$5,750,000"
oilers,"Koskinen, Mikko","$4,500,000"
oilers,"Klefbom, Oscar","$4,167,000"
oilers,"Larsson, Adam","$4,166,666"
oilers,"Russell, Kris","$4,000,000"
oilers,"Nurse, Darnell","$3,200,000"
oilers,"Gagner, Sam","$3,150,000"
oilers,"Chiasson, Alex","$2,150,000"
oilers,"Smith, Mike","$2,000,000"
oilers,"Kassian, Zack","$1,950,000"
oilers,"Benning, Matthew","$1,900,000"
oilers,"Khaira, Jujhar","$1,200,000"
oilers,"Archibald, Josh","$1,000,000"
oilers,"Sheahan, Riley","$900,000"
oilers,"Brodziak, Kyle","$1,150,000"
oilers,"Bear, Ethan","$720,000"
oilers,"Russell, Patrick","$700,000"
oilers,"Athanasiou, Andreas","$3,000,000"
oilers,"Green, Mike","$2,687,500"
oilers,"Jones, Caleb","$720,000"
oilers,"Yamamoto, Kailer","$894,166"
oilers,"Ennis, Tyler","$800,000"
oilers,"Mantha, Ryan","$870,000"
oilers,"Manning, Brandon","$2,250,000"
oilers,"Nygård, Joakim","$925,000"
oilers,"Haas, Gaëtan","$925,000"
oilers,"Granlund, Markus","$1,300,000"
oilers,"Lagesson, William","$741,666"
oilers,"Persson, Joel","$1,000,000"
oilers,"Jurco, Tomas","$750,000"
oilers,"Cave, Colby","$675,000"
oilers,"Benson, Tyler","$808,333"
oilers,"Bouchard, Evan","$894,167"
oilers,"Skinner, Stuart","$784,166"
oilers,"Vesey, Nolan","$817,500"
oilers,"Malone, Brad","$700,000"
oilers,"Marody, Cooper","$925,000"
oilers,"Lowe, Keegan","$675,000"
oilers,"Currie, Josh","$687,500"
oilers,"Safin, Ostap","$775,000"
oilers,"Gambardella, Joseph","$700,000"
oilers,"Wells, Dylan","$745,000"
oilers,"Starrett, Shane","$700,000"
oilers,"Maksimov, Kirill","$775,000"
oilers,"Samorukov, Dmitri","$825,000"
oilers,"McLeod, Ryan","$834,167"
oilers,"Hebig, Cameron","$759,166"
oilers,"Redmond, Angus","$842,500"
oilers,"Broberg, Philip","$925,000"
oilers,"Kuffner, Ryan","$925,000"
oilers,"Day, Logan","$750,000"
oilers,"Rodrigue, Olivier","$809,167"
oilers,"Mantha, Ryan",$0
oilers,"Day, Logan",$0
oilers,"Lucic, Milan","$750,000"
oilers,"Gagner, Sam","$315,000"
panthers,"Bobrovsky, Sergei","$10,000,000"
panthers,"Ekblad, Aaron","$7,500,000"
panthers,"Yandle, Keith","$6,350,000"
panthers,"Barkov, Aleksander","$5,900,000"
panthers,"Huberdeau, Jonathan","$5,900,000"
panthers,"Strålman, Anton","$5,500,000"
panthers,"Hoffman, Mike","$5,187,500"
panthers,"Matheson, Michael","$4,875,000"
panthers,"Dadonov, Evgeni","$4,000,000"
panthers,"Trocheck, Vincent","$4,750,000"
panthers,"Connolly, Brett","$3,500,000"
panthers,"Pysyk, Mark","$2,733,333"
panthers,"Vatrano, Frank","$2,533,333"
panthers,"Acciari, Noel","$1,666,667"
panthers,"Weegar, MacKenzie","$1,600,000"
panthers,"Sceviour, Colton","$1,200,000"
panthers,"Boyle, Brian","$940,000"
panthers,"Brown, Joshua","$675,000"
panthers,"Hawryluk, Jayce","$874,125"
panthers,"Haula, Erik","$2,750,000"
panthers,"Driedger, Chris","$850,000"
panthers,"Toninato, Dominic","$775,000"
panthers,"Malgin, Denis","$750,000"
panthers,"Stillman, Riley","$773,333"
panthers,"Hunt, Dryden","$715,000"
panthers,"Saarela, Aleksi","$753,333"
panthers,"Wallmark, Lucas","$675,000"
panthers,"Montembeault, Samuel","$708,750"
panthers,"Borgström, Henrik","$925,000"
panthers,"Thompson, Paul","$675,000"
panthers,"Lowry, Joel","$700,000"
panthers,"Massie, Jake","$770,000"
panthers,"Bajkov, Patrick","$809,166"
panthers,"Repo, Sebastian","$740,000"
panthers,"Haggerty, Ryan","$675,000"
panthers,"Prow, Ethan","$725,000"
panthers,"Roy, Kevin","$850,000"
panthers,"Schemitsch, Thomas","$715,000"
panthers,"Martel, Danick","$700,000"
panthers,"Cross, Tommy","$725,000"
panthers,"Pu, Cliff","$745,000"
panthers,"Ang, Jonathan","$745,000"
panthers,"Desrosiers, Philippe","$700,000"
panthers,"McCoshen, Ian","$700,000"
panthers,"Priskie, Chase","$925,000"
panthers,"Abols, Rodrigo","$817,500"
panthers,"Tippett, Owen","$863,333"
panthers,"Heponiemi, Aleksi","$925,000"
panthers,"Luostarinen, Eetu","$897,500"
panthers,"Bednard, Ryan","$817,500"
panthers,"Rodewald, Jack","$725,000"
panthers,"Greco, Anthony","$700,000"
panthers,"Noel, Serron","$925,000"
panthers,"Marchment, Mason","$767,500"
panthers,"Kolyachonok, Vladislav","$809,167"
panthers,"Keeper, Brady","$925,000"
panthers,"Djuse, Emil","$925,000"
panthers,"Demers, Jason","$562,500"
kings,"Doughty, Drew","$11,000,000"
kings,"Kopitar, Anze","$10,000,000"
kings,"Brown, Dustin","$5,875,000"
kings,"Quick, Jonathan","$5,800,000"
kings,"Carter, Jeff","$5,272,727"
kings,"Toffoli, Tyler","$4,600,000"
kings,"Martinez, Alec","$4,000,000"
kings,"Kovalchuk, Ilya","$6,250,000"
kings,"Iafallo, Alex","$2,425,000"
kings,"Lewis, Trevor","$2,000,000"
kings,"Kempe, Adrian","$2,000,000"
kings,"Forbort, Derek","$2,525,000"
kings,"Hutton, Ben","$1,500,000"
kings,"Clifford, Kyle","$1,600,000"
kings,"Lizotte, Blake","$925,000"
kings,"Prokhorkin, Nikolai","$925,000"
kings,"Wagner, Austin","$759,167"
kings,"Walker, Sean","$745,000"
kings,"Ryan, Joakim","$725,000"
kings,"Amadio, Michael","$700,000"
kings,"Roy, Matt","$700,000"
kings,"MacDermid, Kurtis","$675,000"
kings,"Campbell, Jack","$675,000"
kings,"Petersen, Cal","$858,333"
kings,"Moore, Trevor","$775,000"
kings,"Frk, Martin","$700,000"
kings,"Vilardi, Gabriel","$894,167"
kings,"Anderson, Michael","$925,000"
kings,"Grundström, Carl","$925,000"
kings,"Luff, Matt","$677,777"
kings,"Schaller, Tim","$1,900,000"
kings,"LaDue, Paul","$825,000"
kings,"Björnfot, Tobias","$925,000"
kings,"Clague, Kale","$761,666"
kings,"Anderson-Dolan, Jaret","$747,500"
kings,"Morrison, Brad","$743,333"
kings,"Poulin, Kevin","$700,000"
kings,"Reddekopp, Chaz","$733,333"
kings,"Moverare, Jacob","$705,556"
kings,"Eyssimont, Michael","$833,750"
kings,"Imama, Bokondji","$706,667"
kings,"Durzi, Sean","$809,166"
kings,"Thomas, Akil","$809,166"
kings,"Phillips, Markus","$796,667"
kings,"Rymsha, Drake","$733,333"
kings,"Villalta, Matt","$778,333"
kings,"Kupari, Rasmus","$894,167"
kings,"Dudas, Aidan","$796,667"
kings,"Fagemo, Samuel","$809,167"
kings,"Strand, Austin","$759,166"
kings,"Kehler, Cole","$745,000"
kings,"Kempe, Mario","$700,000"
kings,"Södergran, Johan","$791,667"
kings,"Brickley, Daniel","$700,000"
kings,"Rempal, Sheldon","$874,125"
kings,"Vilardi, Gabriel",$0
kings,"Clifford, Kyle","$800,000"
kings,"Forbort, Derek","$631,250"
kings,"Kovalchuk, Ilya","$6,250,000"
kings,"Richards, Mike","$250,000"
wild,"Parise, Zach","$7,538,461"
wild,"Suter, Ryan","$7,538,461"
wild,"Zuccarello, Mats","$6,000,000"
wild,"Dumba, Matt","$6,000,000"
wild,"Koivu, Mikko","$5,500,000"
wild,"Spurgeon, Jared","$5,187,500"
wild,"Dubnyk, Devan","$4,333,333"
wild,"Brodin, Jonas","$4,166,667"
wild,"Rask, Victor","$4,000,000"
wild,"Zucker, Jason","$5,500,000"
wild,"Staal, Eric","$3,250,000"
wild,"Fiala, Kevin","$3,000,000"
wild,"Foligno, Marcus","$2,875,000"
wild,"Pateryn, Greg","$2,250,000"
wild,"Hartman, Ryan","$1,900,000"
wild,"Donato, Ryan","$1,900,000"
wild,"Eriksson Ek, Joel","$1,487,500"
wild,"Galchenyuk, Alex","$4,900,000"
wild,"Kunin, Luke","$925,000"
wild,"Greenway, Jordan","$916,666"
wild,"Stalock, Alex","$785,000"
wild,"Soucy, Carson","$750,000"
wild,"Hunt, Brad","$700,000"
wild,"Seeler, Nick","$725,000"
wild,"Bartkowski, Matt","$700,000"
wild,"Kähkönen, Kaapo","$767,500"
wild,"Mayhew, Gerald","$700,000"
wild,"Sturm, Nico","$874,125"
wild,"Menell, Brennan","$716,666"
wild,"Dumont, Gabriel","$700,000"
wild,"Johnson, Luke","$700,000"
wild,"Belpedio, Louis","$700,000"
wild,"Liambas, Michael","$675,000"
wild,"Sokolov, Dmitry","$765,000"
wild,"Warner, Hunter","$700,000"
wild,"Bitten, Will","$805,000"
wild,"Brown, J.T.","$687,500"
wild,"Anas, Sam","$675,000"
wild,"Falkovsky, Stepan","$698,333"
wild,"Duhaime, Brandon","$925,000"
wild,"Rau, Kyle","$700,000"
wild,"Shaw, Mason","$792,500"
wild,"Gordeev, Fedor","$791,667"
wild,"Addison, Calen","$809,166"
wild,"Beck, Colton","$675,000"
wild,"Lodnia, Ivan","$747,500"
wild,"Baribeau, Déreck","$733,333"
wild,"Dewar, Connor","$825,833"
wild,"Robson, Mat","$925,000"
wild,"Khovanov, Alexander","$842,500"
wild,"Shaw, Mason",$0
canadiens,"Price, Carey","$10,500,000"
canadiens,"Weber, Shea","$7,857,143"
canadiens,"Petry, Jeff","$5,500,000"
canadiens,"Drouin, Jonathan","$5,500,000"
canadiens,"Tatar, Tomas","$4,800,000"
canadiens,"Alzner, Karl","$4,625,000"
canadiens,"Gallagher, Brendan","$3,750,000"
canadiens,"Chiarot, Ben","$3,500,000"
canadiens,"Byron, Paul","$3,400,000"
canadiens,"Domi, Max","$3,150,000"
canadiens,"Danault, Phillip","$3,083,333"
canadiens,"Armia, Joel","$2,600,000"
canadiens,"Lehkonen, Artturi","$2,400,000"
canadiens,"Kulak, Brett","$1,850,000"
canadiens,"Weise, Dale","$2,350,000"
canadiens,"Weal, Jordan","$1,400,000"
canadiens,"Scandella, Marco","$4,000,000"
canadiens,"Suzuki, Nick","$863,333"
canadiens,"Thompson, Nate","$1,000,000"
canadiens,"Cousins, Nick","$1,000,000"
canadiens,"Reilly, Mike","$1,500,000"
canadiens,"Mete, Victor","$748,333"
canadiens,"Folin, Christian","$800,000"
canadiens,"Lindgren, Charlie","$750,000"
canadiens,"Peca, Matthew","$1,300,000"
canadiens,"Hudon, Charles","$800,000"
canadiens,"Ouellet, Xavier","$700,000"
canadiens,"Kovalchuk, Ilya","$700,000"
canadiens,"Teasdale, Joël","$763,333"
canadiens,"Kinkaid, Keith","$1,750,000"
canadiens,"Kotkaniemi, Jesperi","$925,000"
canadiens,"Fleury, Cale","$771,666"
canadiens,"Poehling, Ryan","$925,000"
canadiens,"Evans, Jake","$925,000"
canadiens,"Vejdemo, Lukas","$792,500"
canadiens,"Barber, Riley","$700,000"
canadiens,"Primeau, Cayden","$880,833"
canadiens,"Leskinen, Otto","$925,000"
canadiens,"Juulsen, Noah","$863,333"
canadiens,"Olofsson, Gustav","$700,000"
canadiens,"Varone, Philip","$700,000"
canadiens,"Dauphin, Laurent","$700,000"
canadiens,"McNiven, Michael","$682,222"
canadiens,"Brook, Josh","$795,000"
canadiens,"McCarron, Michael","$700,000"
canadiens,"Verbeek, Hayden","$753,333"
canadiens,"Waked, Antoine","$726,667"
canadiens,"Blandisi, Joseph","$700,000"
canadiens,"Belzile, Alex","$700,000"
canadiens,"Pezzetta, Michael","$743,333"
canadiens,"Luchuk, Aaron","$759,166"
canadiens,"Sturtz, Andrew","$767,500"
canadiens,"Alain, Alexandre","$753,333"
canadiens,"Sklenička, David","$925,000"
canadiens,"Lucchini, Jacob","$792,500"
canadiens,"McCarron, Michael",$0
canadiens,"Olofsson, Gustav",$0
canadiens,"Teasdale, Joël",$0
canadiens,"Scandella, Marco","$2,000,000"
canadiens,"Kovalchuk, Ilya","$350,000"
predators,"Duchene, Matt","$8,000,000"
predators,"Johansen, Ryan","$8,000,000"
predators,"Ellis, Ryan","$6,250,000"
predators,"Turris, Kyle","$6,000,000"
predators,"Forsberg, Filip","$6,000,000"
predators,"Granlund, Mikael","$5,750,000"
predators,"Rinne, Pekka","$5,000,000"
predators,"Smith, Craig","$4,250,000"
predators,"Arvidsson, Viktor","$4,250,000"
predators,"Bonino, Nick","$4,100,000"
predators,"Josi, Roman","$4,000,000"
predators,"Ekholm, Mattias","$3,750,000"
predators,"Sissons, Colton","$2,857,143"
predators,"Järnkrok, Calle","$2,000,000"
predators,"Saros, Juuse","$1,500,000"
predators,"Hamhuis, Dan","$1,250,000"
predators,"Watson, Austin","$1,100,000"
predators,"Grimaldi, Rocco","$1,000,000"
predators,"Fabbro, Dante","$925,000"
predators,"Weber, Yannick","$675,000"
predators,"Irwin, Matt","$675,000"
predators,"Blackwell, Colin","$675,000"
predators,"Tinordi, Jarred","$700,000"
predators,"Holzer, Korbinian","$850,000"
predators,"Trenin, Yakov","$730,833"
predators,"Santini, Steven","$1,416,667"
predators,"Carr, Daniel","$700,000"
predators,"Salomäki, Miikka","$750,000"
predators,"Olivier, Mathieu","$730,000"
predators,"Carrier, Alexandre","$688,333"
predators,"Ingram, Connor","$759,167"
predators,"Richard, Anthony","$688,333"
predators,"Grosenick, Troy","$700,000"
predators,"Donovan, Matt","$675,000"
predators,"Dauphin, Laurent","$700,000"
predators,"McCarron, Michael","$700,000"
predators,"Harpur, Ben","$725,000"
predators,"Fortunato, Brandon","$842,500"
predators,"Gaudreau, Frédérick","$666,666"
predators,"Allard, Frédéric","$714,166"
predators,"Davies, Jeremy","$925,000"
predators,"Tolvanen, Eeli","$894,166"
predators,"Wilkins, Josh","$925,000"
predators,"Pitlick, Rem","$925,000"
predators,"Tomasino, Philip","$925,000"
predators,"Jeannot, Tanner","$713,333"
predators,"Westerholm, Niclas","$825,833"
predators,"Magwood, Zachary","$753,333"
predators,"Craggs, Lukas","$925,000"
predators,"Afanasyev, Egor","$817,500"
devils,"Subban, P.K.","$9,000,000"
devils,"Zajac, Travis","$5,750,000"
devils,"Schneider, Cory","$6,000,000"
devils,"Palmieri, Kyle","$4,650,000"
devils,"Gusev, Nikita","$4,500,000"
devils,"Severson, Damon","$4,166,666"
devils,"Simmonds, Wayne","$5,000,000"
devils,"Vatanen, Sami","$4,875,000"
devils,"Butcher, Will","$3,733,333"
devils,"Greene, Andy","$5,000,000"
devils,"Wood, Miles","$2,750,000"
devils,"Hall, Taylor","$6,000,000"
devils,"Zacha, Pavel","$2,250,000"
devils,"Carrick, Connor","$1,500,000"
devils,"Mueller, Mirco","$1,400,000"
devils,"Coleman, Blake","$1,800,000"
devils,"Hughes, Jack","$925,000"
devils,"Hischier, Nico","$925,000"
devils,"Hayden, John","$750,000"
devils,"Bratt, Jesper","$749,167"
devils,"Rooney, Kevin","$700,000"
devils,"Blackwood, Mackenzie","$697,500"
devils,"Domingue, Louis","$1,150,000"
devils,"Anderson, Joey","$925,000"
devils,"Mcleod, Michael","$863,333"
devils,"Mermis, Dakota","$700,000"
devils,"Claesson, Fredrik","$700,000"
devils,"Strait, Brian","$675,000"
devils,"Boqvist, Jesper","$925,000"
devils,"Tennyson, Matt","$700,000"
devils,"Kuokkanen, Janne","$811,666"
devils,"Street, Ben","$750,000"
devils,"White, Colton","$728,333"
devils,"Senn, Gilles","$817,500"
devils,"Merkley, Nick","$863,333"
devils,"Jacobs, Josh","$700,000"
devils,"Seney, Brett","$757,500"
devils,"Cormier, Evan","$718,333"
devils,"Baddock, Brandon","$700,000"
devils,"Maltsev, Mikhail","$809,167"
devils,"Sharangovich, Yegor","$775,833"
devils,"McIntyre, Zane","$700,000"
devils,"Speers, Blake","$728,333"
devils,"Melchiori, Julian","$700,000"
devils,"Morrow, Joe","$700,000"
devils,"Studenic, Marian","$775,833"
devils,"Quenneville, David","$775,833"
devils,"Schnarr, Nathan","$786,667"
devils,"Bastian, Nathan","$714,166"
devils,"Zetterlund, Fabian","$809,167"
devils,"Sissons, Colby","$696,111"
devils,"Bahl, Kevin","$817,500"
devils,"Smith, Ty","$894,167"
devils,"Groleau, Jérémy","$743,333"
devils,"Foote, Nolan","$925,000"
devils,"Gignac, Brandon","$714,166"
devils,"Okhotyuk, Nikita","$809,167"
devils,"Strait, Brian",$0
devils,"Hall, Taylor","$3,000,000"
devils,"Simmonds, Wayne","$2,500,000"
devils,"Vatanen, Sami","$2,437,500"
islanders,"Lee, Anders","$7,000,000"
islanders,"Boychuk, Johnny","$6,000,000"
islanders,"Nelson, Brock","$6,000,000"
islanders,"Eberle, Jordan","$5,500,000"
islanders,"Leddy, Nick","$5,500,000"
islanders,"Varlamov, Semyon","$5,000,000"
islanders,"Bailey, Josh","$5,000,000"
islanders,"Ladd, Andrew","$5,500,000"
islanders,"Clutterbuck, Cal","$3,500,000"
islanders,"Cizikas, Casey","$3,350,000"
islanders,"Greiss, Thomas","$3,333,333"
islanders,"Komarov, Leo","$3,000,000"
islanders,"Martin, Matt","$2,500,000"
islanders,"Beauvillier, Anthony","$2,100,000"
islanders,"Pulock, Ryan","$2,000,000"
islanders,"Hickey, Thomas","$2,500,000"
islanders,"Pelech, Adam","$1,600,000"
islanders,"Mayfield, Scott","$1,450,000"
islanders,"Greene, Andy","$5,000,000"
islanders,"Brassard, Derick","$1,200,000"
islanders,"Johnston, Ross","$1,000,000"
islanders,"Dobson, Noah","$894,167"
islanders,"Barzal, Mathew","$863,333"
islanders,"Kühnhackl, Tom","$850,000"
islanders,"Dal Colle, Michael","$700,000"
islanders,"Toews, Devon","$700,000"
islanders,"Pageau, Jean-Gabriel","$3,100,000"
islanders,"Koivula, Otto","$786,666"
islanders,"Vande Sompel, Mitch","$728,333"
islanders,"Aho, Sebastian","$770,000"
islanders,"Wahlstrom, Oliver","$925,000"
islanders,"Bardreau, Cole","$700,000"
islanders,"Bellows, Kieffer","$894,166"
islanders,"Helgeson, Seth","$675,000"
islanders,"Gibson, Christopher","$675,000"
islanders,"Coreau, Jared","$700,000"
islanders,"Ho-Sang, Joshua","$874,125"
islanders,"Burroughs, Kyle","$675,000"
islanders,"Wotherspoon, Parker","$732,222"
islanders,"Quenneville, David","$775,833"
islanders,"Eansor, Scott","$720,000"
islanders,"Söderström, Linus","$803,333"
islanders,"Schmaltz, Jordan","$700,000"
islanders,"Lorito, Matt","$675,000"
islanders,"Fritz, Tanner","$700,000"
islanders,"Skarek, Jakub","$778,333"
islanders,"Durandeau, Arnaud","$756,667"
islanders,"Wilde, Bode","$778,333"
islanders,"Holmström, Simon","$925,000"
islanders,"St. Denis, Travis","$675,000"
islanders,"Hutton, Grant","$925,000"
islanders,"Carpenter, Bobo","$792,500"
islanders,"Jobst, Mason","$792,500"
islanders,"Vande Sompel, Mitch",$0
islanders,"Wilde, Bode",$0
islanders,"Carpenter, Bobo",$0
rangers,"Panarin, Artemi","$11,642,857"
rangers,"Lundqvist, Henrik","$8,500,000"
rangers,"Trouba, Jacob","$8,000,000"
rangers,"Staal, Marc","$5,700,000"
rangers,"Zibanejad, Mika","$5,350,000"
rangers,"Kreider, Chris","$4,625,000"
rangers,"Smith, Brendan","$4,350,000"
rangers,"Skjei, Brady","$5,250,000"
rangers,"Buchnevich, Pavel","$3,250,000"
rangers,"Strome, Ryan","$3,100,000"
rangers,"Fast, Jesper","$1,850,000"
rangers,"Kakko, Kaapo","$925,000"
rangers,"Fox, Adam","$925,000"
rangers,"Deangelo, Anthony","$925,000"
rangers,"Lemieux, Brendan","$925,000"
rangers,"Howden, Brett","$863,333"
rangers,"Georgiev, Alexandar","$792,500"
rangers,"Lindgren, Ryan","$925,000"
rangers,"Chytil, Filip","$894,166"
rangers,"McKegg, Greg","$750,000"
rangers,"Haley, Micheal","$700,000"
rangers,"Shesterkin, Igor","$925,000"
rangers,"Di Giuseppe, Phillip","$700,000"
rangers,"Gauthier, Julien","$863,333"
rangers,"Namestnikov, Vladislav","$4,000,000"
rangers,"Beleskey, Matt","$1,900,000"
rangers,"Hájek, Libor","$833,333"
rangers,"Andersson, Lias","$894,166"
rangers,"Fogarty, Steven","$700,000"
rangers,"Nieves, Cristoval","$700,000"
rangers,"Gettinger, Tim","$730,000"
rangers,"Keane, Joey","$809,166"
rangers,"Bérubé, Jean-François","$700,000"
rangers,"Ebert, Nick","$700,000"
rangers,"Day, Sean","$761,666"
rangers,"Rykov, Yegor","$925,000"
rangers,"O'Regan, Danny","$700,000"
rangers,"Reunanen, Tarmo","$809,167"
rangers,"Ronning, Ty","$750,833"
rangers,"Huska, Adam","$925,000"
rangers,"Fontaine, Gabriel","$736,667"
rangers,"Lettieri, Vinni","$700,000"
rangers,"Leedahl, Dawson","$749,167"
rangers,"Crawley, Brandon","$770,000"
rangers,"Kravtsov, Vitali","$925,000"
rangers,"Gropp, Ryan","$802,500"
rangers,"Robertson, Matthew","$825,833"
rangers,"Meskanen, Ville","$925,000"
rangers,"Raddysh, Darren","$730,000"
rangers,"Elmer, Jacob","$809,166"
rangers,"Newell, Patrick","$792,500"
rangers,"Rykov, Yegor",$0
rangers,"Namestnikov, Vladislav","$750,000"
senators,"Ryan, Bobby","$7,250,000"
senators,"Callahan, Ryan","$5,800,000"
senators,"Gáborík, Marián","$4,875,000"
senators,"Anderson, Craig","$4,750,000"
senators,"White, Colin","$4,750,000"
senators,"MacArthur, Clarke","$4,650,000"
senators,"Anisimov, Artem","$4,550,000"
senators,"Zaitsev, Nikita","$4,500,000"
senators,"Boedker, Mikkel","$4,000,000"
senators,"Hainsey, Ron","$3,500,000"
senators,"Tierney, Chris","$2,937,500"
senators,"Nilsson, Anders","$2,600,000"
senators,"Namestnikov, Vladislav","$3,250,000"
senators,"Pageau, Jean-Gabriel","$3,100,000"
senators,"Brown, Connor","$2,100,000"
senators,"Duclair, Anthony","$1,650,000"
senators,"Borowiecki, Mark","$1,200,000"
senators,"Tkachuk, Brady","$925,000"
senators,"Chabot, Thomas","$863,333"
senators,"Reilly, Mike","$1,500,000"
senators,"Paul, Nicholas","$750,000"
senators,"Sabourin, Scott","$700,000"
senators,"DeMelo, Dylan","$900,000"
senators,"Ennis, Tyler","$800,000"
senators,"Goloubef, Cody","$800,000"
senators,"Högberg, Marcus","$700,000"
senators,"Englund, Andreas","$700,000"
senators,"Peca, Matthew","$1,300,000"
senators,"Balcers, Rūdolfs","$759,167"
senators,"Hawryluk, Jayce","$874,125"
senators,"Wolanin, Christian","$900,000"
senators,"Brännström, Erik","$863,333"
senators,"Brown, Logan","$863,333"
senators,"Chlapik, Filip","$728,333"
senators,"Beaudin, J.C.","$765,000"
senators,"Batherson, Drake","$736,666"
senators,"Lajoie, Maxime","$710,000"
senators,"Jaros, Christian","$755,000"
senators,"Davidsson, Jonathan","$768,333"
senators,"Veronneau, Max","$925,000"
senators,"Gustavsson, Filip","$761,666"
senators,"Szwarz, Jordan","$800,000"
senators,"Norris, Joshua","$925,000"
senators,"Abramov, Vitaly","$730,833"
senators,"Ebert, Nick","$700,000"
senators,"Daccord, Joey","$925,000"
senators,"Carcone, Michael","$700,000"
senators,"Labrie, Hubert","$700,000"
senators,"Formenton, Alex","$747,500"
senators,"Kelly, Parker","$726,667"
senators,"Klimchuk, Morgan","$700,000"
senators,"Rodewald, Jack","$725,000"
senators,"Gruden, Jonathan","$815,833"
senators,"Luchuk, Aaron","$759,166"
senators,"Sturtz, Andrew","$767,500"
senators,"Thomson, Lassi","$925,000"
senators,"Alsing, Olle","$858,750"
senators,"Wolanin, Christian","$343,548"
senators,"Balcers, Rūdolfs","$330,605"
flyers,"Giroux, Claude","$8,275,000"
flyers,"Voracek, Jakub","$8,250,000"
flyers,"Hayes, Kevin","$7,142,857"
flyers,"van Riemsdyk, James","$7,000,000"
flyers,"Provorov, Ivan","$6,750,000"
flyers,"Niskanen, Matt","$5,750,000"
flyers,"Konecny, Travis","$5,500,000"
flyers,"Gostisbehere, Shayne","$4,500,000"
flyers,"Couturier, Sean","$4,333,333"
flyers,"Braun, Justin","$3,800,000"
flyers,"Sanheim, Travis","$3,250,000"
flyers,"Laughton, Scott","$2,300,000"
flyers,"Elliott, Brian","$2,000,000"
flyers,"Raffl, Michael","$1,600,000"
flyers,"Hägg, Robert","$1,150,000"
flyers,"Pitlick, Tyler","$1,000,000"
flyers,"Lindblom, Oskar","$925,000"
flyers,"Patrick, Nolan","$925,000"
flyers,"Farabee, Joel","$925,000"
flyers,"Hart, Carter","$730,833"
flyers,"Morin, Samuel","$700,000"
flyers,"Myers, Philippe","$678,889"
flyers,"Aubé-Kubel, Nicolas","$700,000"
flyers,"Thompson, Nate","$1,000,000"
flyers,"Grant, Derek","$700,000"
flyers,"Stewart, Chris","$753,757"
flyers,"Bunnaman, Connor","$736,666"
flyers,"Frost, Morgan","$863,333"
flyers,"Vorobyov, Mikhail","$784,167"
flyers,"Friedman, Mark","$749,167"
flyers,"Twarynski, Carsen","$775,833"
flyers,"Andreoff, Andy","$750,000"
flyers,"Lyon, Alex","$750,000"
flyers,"Welinski, Andy","$750,000"
flyers,"Kase, David","$768,333"
flyers,"Rubtsov, German","$894,166"
flyers,"Brennan, T.J.","$675,000"
flyers,"Bérubé, Jean-François","$700,000"
flyers,"Laberge, Pascal","$780,833"
flyers,"Wotherspoon, Tyler","$700,000"
flyers,"Sandström, Felix","$792,500"
flyers,"Gabriel, Kurtis","$700,000"
flyers,"Prosser, Nate","$700,000"
flyers,"Noel, Nathan","$775,833"
flyers,"Strome, Matthew","$775,000"
flyers,"Ratcliffe, Isaac","$780,833"
flyers,"Bigras, Chris","$700,000"
flyers,"Sushko, Maksim","$775,000"
flyers,"Ustimenko, Kirill","$825,833"
flyers,"Criscuolo, Kyle","$700,000"
flyers,"Willcox, Reece","$675,000"
flyers,"Zamula, Yegor","$763,333"
flyers,"Gudas, Radko","$1,005,000"
penguins,"Malkin, Evgeni","$9,500,000"
penguins,"Crosby, Sidney","$8,700,000"
penguins,"Letang, Kris","$7,250,000"
penguins,"Guentzel, Jake","$6,000,000"
penguins,"Schultz, Justin","$5,500,000"
penguins,"Hörnqvist, Patric","$5,300,000"
penguins,"Dumoulin, Brian","$4,100,000"
penguins,"Bjugstad, Nick","$4,100,000"
penguins,"Murray, Matt","$3,750,000"
penguins,"Rust, Bryan","$3,500,000"
penguins,"Tanev, Brandon","$3,500,000"
penguins,"Galchenyuk, Alex","$4,900,000"
penguins,"Johnson, Jack","$3,250,000"
penguins,"Zucker, Jason","$5,500,000"
penguins,"McCann, Jared","$1,250,000"
penguins,"Aston-Reese, Zach","$1,000,000"
penguins,"Marino, John","$925,000"
penguins,"Pettersson, Marcus","$874,125"
penguins,"Riikola, Juuso","$850,000"
penguins,"Blueger, Teddy","$750,000"
penguins,"Simon, Dominik","$750,000"
penguins,"Kahun, Dominik","$925,000"
penguins,"Ruhwedel, Chad","$700,000"
penguins,"Jarry, Tristan","$675,000"
penguins,"Lafferty, Sam","$767,500"
penguins,"Sheary, Conor","$3,000,000"
penguins,"Gudbranson, Erik","$4,000,000"
penguins,"Rodrigues, Evan","$2,000,000"
penguins,"Angello, Anthony","$833,750"
penguins,"Agozzino, Andrew","$700,000"
penguins,"Marleau, Patrick","$700,000"
penguins,"Noesen, Stefan","$700,000"
penguins,"Blandisi, Joseph","$700,000"
penguins,"DeSmith, Casey","$1,250,000"
penguins,"Czuczman, Kevin","$700,000"
penguins,"Trotman, Zach","$700,000"
penguins,"Johnson, Adam","$700,000"
penguins,"DiPauli, Thomas","$700,000"
penguins,"Larmi, Emil","$792,500"
penguins,"Cramarossa, Joseph","$700,000"
penguins,"Haggerty, Ryan","$675,000"
penguins,"Varone, Philip","$700,000"
penguins,"Knott, Graham","$728,333"
penguins,"Björkqvist, Kasper","$792,500"
penguins,"Martinsen, Andreas","$750,000"
penguins,"Roy, Kevin","$850,000"
penguins,"Ölund, Linus","$775,833"
penguins,"Joseph, Pierre-Olivier","$863,333"
penguins,"Nyberg, John","$745,000"
penguins,"Bellerive, Jordy","$733,333"
penguins,"Warsofsky, David","$700,000"
penguins,"D'Orio, Alex","$733,333"
penguins,"Drozg, Jan","$809,166"
penguins,"Addison, Calen","$809,166"
penguins,"Barber, Riley","$700,000"
penguins,"Almeida, Justin","$809,166"
penguins,"Hållander, Filip","$778,333"
penguins,"Miletic, Sam","$710,000"
penguins,"Poulin, Samuel","$925,000"
penguins,"Almari, Niclas","$809,167"
penguins,"Légaré, Nathan","$809,167"
penguins,"Lucchini, Jacob","$792,500"
penguins,"Palve, Oula","$792,500"
penguins,"Trotman, Zach","$150,538"
penguins,"Almeida, Justin",$0
sharks,"Karlsson, Erik","$11,500,000"
sharks,"Burns, Brent","$8,000,000"
sharks,"Couture, Logan","$8,000,000"
sharks,"Vlasic, Marc-Édouard","$7,000,000"
sharks,"Kane, Evander","$7,000,000"
sharks,"Meier, Timo","$6,000,000"
sharks,"Jones, Martin","$5,750,000"
sharks,"Hertl, Tomas","$5,625,000"
sharks,"Dillon, Brenden","$3,270,000"
sharks,"Karlsson, Melker","$2,000,000"
sharks,"Thornton, Joe","$2,000,000"
sharks,"Dell, Aaron","$1,900,000"
sharks,"Sörensen, Marcus","$1,500,000"
sharks,"Labanc, Kevin","$1,000,000"
sharks,"Heed, Tim","$960,000"
sharks,"Ferraro, Mario","$925,000"
sharks,"Prout, Dalton","$800,000"
sharks,"Goodrow, Barclay","$925,000"
sharks,"Simek, Radim","$675,000"
sharks,"Gambrell, Dylan","$700,000"
sharks,"Marleau, Patrick","$700,000"
sharks,"Kellman, Joel","$925,000"
sharks,"Suomela, Antti","$700,000"
sharks,"Gregor, Noah","$768,333"
sharks,"Noesen, Stefan","$700,000"
sharks,"Middleton, Jacob","$735,000"
sharks,"Bergmann, Lean","$836,667"
sharks,"True, Alex","$763,333"
sharks,"Davidson, Brandon","$700,000"
sharks,"Radil, Lukas","$700,000"
sharks,"Knyzhov, Nikolai","$796,667"
sharks,"Carrick, Trevor","$700,000"
sharks,"Blichfeld, Joachim","$736,666"
sharks,"Yurtaykin, Danil","$925,000"
sharks,"Brodzinski, Jonny","$700,000"
sharks,"Letunov, Maxim","$700,000"
sharks,"Meloche, Nicolas","$853,333"
sharks,"DeSimone, Nick","$700,000"
sharks,"Shortridge, Andrew","$925,000"
sharks,"Wiederer, Manuel","$736,667"
sharks,"Chmelevski, Alexander","$778,333"
sharks,"Chekhovich, Ivan","$776,667"
sharks,"Gallant, Zachary","$786,667"
sharks,"McGrew, Jacob","$773,333"
sharks,"Kotkov, Vladislav","$770,000"
sharks,"Greco, Anthony","$700,000"
sharks,"Halbgewachs, Jayden","$759,166"
sharks,"Kniazev, Artemi","$809,167"
sharks,"Émond, Zacharie","$796,667"
sharks,"Roy, Jérémy","$827,500"
sharks,"Hamaliuk, Dillon","$809,167"
sharks,"Korenar, Josef","$723,333"
sharks,"Sund, Tony","$842,500"
sharks,"Dahlén, Jonathan","$925,000"
sharks,"Truchon-Viel, Jeffrey","$780,000"
sharks,"Merkley, Ryan","$894,167"
sharks,"Dillon, Brenden","$1,635,000"
blues,"O'Reilly, Ryan","$7,500,000"
blues,"Tarasenko, Vladimir","$7,500,000"
blues,"Pietrangelo, Alex","$6,500,000"
blues,"Steen, Alexander","$5,750,000"
blues,"Parayko, Colton","$5,500,000"
blues,"Schwartz, Jaden","$5,350,000"
blues,"Schenn, Brayden","$5,125,000"
blues,"Bozak, Tyler","$5,000,000"
blues,"Binnington, Jordan","$4,400,000"
blues,"Allen, Jake","$4,350,000"
blues,"Faulk, Justin","$4,150,000"
blues,"Perron, David","$4,000,000"
blues,"Bouwmeester, Jay","$3,250,000"
blues,"Sundqvist, Oskar","$2,750,000"
blues,"Gunnarsson, Carl","$1,750,000"
blues,"Sanford, Zachary","$1,500,000"
blues,"Barbashev, Ivan","$1,475,000"
blues,"Bortuzzo, Robert","$1,375,000"
blues,"Thomas, Robert","$894,166"
blues,"Blais, Samuel","$850,000"
blues,"MacEachern, Mackenzie","$750,000"
blues,"De La Rose, Jacob","$900,000"
blues,"Dunn, Vince","$722,500"
blues,"Scandella, Marco","$2,000,000"
blues,"Brouwer, Troy","$750,000"
blues,"Kyrou, Jordan","$758,333"
blues,"Fabbri, Robby","$900,000"
blues,"Foley, Erik","$925,000"
blues,"Mikkola, Niko","$842,500"
blues,"Walker, Nathan","$700,000"
blues,"Kostin, Klim","$863,333"
blues,"Poganski, Austin","$750,000"
blues,"Walman, Jake","$925,000"
blues,"Pouliot, Derrick","$700,000"
blues,"Dotchin, Jake","$700,000"
blues,"Nolan, Jordan","$700,000"
blues,"Fitzpatrick, Evan","$770,000"
blues,"LaLeggia, Joey","$675,000"
blues,"Lappin, Nick","$700,000"
blues,"Husso, Ville","$700,000"
blues,"Kaspick, Tanner","$738,889"
blues,"Joshua, Dakota","$792,500"
blues,"Stevens, Nolan","$700,000"
blues,"Vecchione, Michael","$700,000"
blues,"Toropchenko, Alexei","$775,000"
blues,"Borgman, Andreas","$700,000"
blues,"Laferrière, Mathias","$796,667"
blues,"Tucker, Tyler",$0
blues,"Alexandrov, Nikita","$861,667"
blues,"Reinke, Mitch","$750,000"
blues,"Hofer, Joel","$809,166"
blues,"Polei, Evan","$750,000"
blues,"Kyrou, Jordan",$0
blues,"Foley, Erik",$0
lightning,"Kucherov, Nikita","$9,500,000"
lightning,"Stamkos, Steven","$8,500,000"
lightning,"Hedman, Victor","$7,875,000"
lightning,"McDonagh, Ryan","$6,750,000"
lightning,"Point, Brayden","$6,750,000"
lightning,"Palat, Ondrej","$5,300,000"
lightning,"Gourde, Yanni","$5,166,666"
lightning,"Johnson, Tyler","$5,000,000"
lightning,"Killorn, Alex","$4,450,000"
lightning,"Vasilevskiy, Andrei","$3,500,000"
lightning,"Shattenkirk, Kevin","$1,750,000"
lightning,"Coburn, Braydon","$1,700,000"
lightning,"Paquette, Cédric","$1,650,000"
lightning,"Rutta, Jan","$1,300,000"
lightning,"McElhinney, Curtis","$1,300,000"
lightning,"Maroon, Patrick","$900,000"
lightning,"Sergachev, Mikhail","$894,166"
lightning,"Cirelli, Anthony","$728,333"
lightning,"Verhaeghe, Carter","$700,000"
lightning,"Cernak, Erik","$697,500"
lightning,"Schenn, Luke","$700,000"
lightning,"Coleman, Blake","$1,800,000"
lightning,"Stephens, Mitchell","$833,333"
lightning,"Bogosian, Zach","$1,300,000"
lightning,"Goodrow, Barclay","$925,000"
lightning,"Domingue, Louis","$1,150,000"
lightning,"Condon, Mike","$2,400,000"
lightning,"Joseph, Mathieu","$728,333"
lightning,"Witkowski, Luke","$700,000"
lightning,"Volkov, Alexander","$864,167"
lightning,"Gaunce, Cameron","$700,000"
lightning,"Conacher, Cory","$700,000"
lightning,"Smith, Gemel","$700,000"
lightning,"Sieloff, Patrick","$700,000"
lightning,"Masin, Dominik","$700,000"
lightning,"Yan, Dennis","$728,333"
lightning,"Spencer, Matthew","$728,333"
lightning,"Wedgewood, Scott","$700,000"
lightning,"Martin, Spencer","$700,000"
lightning,"Walcott, Daniel","$700,000"
lightning,"Raddysh, Taylor","$833,333"
lightning,"Somppi, Otto","$763,333"
lightning,"Thomas, Ben","$700,000"
lightning,"Katchouk, Boris","$833,333"
lightning,"Sosunov, Oleg","$721,600"
lightning,"Colton, Ross","$767,500"
lightning,"Stephens, Devante","$743,333"
lightning,"Lohin, Ryan","$792,500"
lightning,"Foote, Cal","$925,000"
lightning,"Lipanov, Alexey","$747,500"
lightning,"Martel, Danick","$700,000"
lightning,"Mueller, Chris","$700,000"
lightning,"Fortier, Gabriel","$805,833"
lightning,"Greco, Anthony","$700,000"
lightning,"Foote, Nolan","$925,000"
lightning,"Barré-Boulet, Alex","$759,258"
lightning,"Huntington, Jimmy","$809,166"
lightning,"Walcott, Daniel",$0
mapleleafs,"Matthews, Auston","$11,634,000"
mapleleafs,"Tavares, John","$11,000,000"
mapleleafs,"Marner, Mitchell","$10,893,000"
mapleleafs,"Nylander, William","$6,962,366"
mapleleafs,"Horton, Nathan","$5,300,000"
mapleleafs,"Clarkson, David","$5,250,000"
mapleleafs,"Andersen, Frederik","$5,000,000"
mapleleafs,"Rielly, Morgan","$5,000,000"
mapleleafs,"Ceci, Cody","$4,500,000"
mapleleafs,"Muzzin, Jake","$4,000,000"
mapleleafs,"Kerfoot, Alexander","$3,500,000"
mapleleafs,"Johnsson, Andreas","$3,400,000"
mapleleafs,"Kapanen, Kasperi","$3,200,000"
mapleleafs,"Barrie, Tyson","$2,750,000"
mapleleafs,"Hyman, Zach","$2,250,000"
mapleleafs,"Mikheyev, Ilya","$925,000"
mapleleafs,"Dermott, Travis","$863,333"
mapleleafs,"Spezza, Jason","$700,000"
mapleleafs,"Engvall, Pierre","$925,000"
mapleleafs,"Gauthier, Frédérik","$675,000"
mapleleafs,"Holl, Justin","$675,000"
mapleleafs,"Marincin, Martin","$700,000"
mapleleafs,"Timashov, Dmytro","$694,444"
mapleleafs,"Moore, Trevor","$775,000"
mapleleafs,"Sandin, Rasmus","$894,167"
mapleleafs,"Hutchinson, Michael","$700,000"
mapleleafs,"Shore, Nick","$750,000"
mapleleafs,"Clifford, Kyle","$800,000"
mapleleafs,"Campbell, Jack","$675,000"
mapleleafs,"Malgin, Denis","$750,000"
mapleleafs,"Rosén, Calle","$750,000"
mapleleafs,"Petan, Nicolas","$775,000"
mapleleafs,"Liljegren, Timothy","$863,333"
mapleleafs,"Brooks, Adam","$759,167"
mapleleafs,"Marchment, Mason","$767,500"
mapleleafs,"Gravel, Kevin","$700,000"
mapleleafs,"Kaskisuo, Kasimir","$675,000"
mapleleafs,"Åberg, Pontus","$700,000"
mapleleafs,"Korshkov, Yegor","$925,000"
mapleleafs,"Kivihalme, Teemu","$792,500"
mapleleafs,"Gaudet, Tyler","$700,000"
mapleleafs,"Bracco, Jeremy","$842,500"
mapleleafs,"Agostino, Kenny","$737,500"
mapleleafs,"Lindgren, Jesper","$775,833"
mapleleafs,"Salomäki, Miikka","$750,000"
mapleleafs,"Wilson, Garrett","$725,000"
mapleleafs,"Lorito, Matt","$675,000"
mapleleafs,"Schmaltz, Jordan","$700,000"
mapleleafs,"Scott, Ian","$805,833"
mapleleafs,"Harpur, Ben","$725,000"
mapleleafs,"Der-Arguchintsev, Semyon","$783,333"
mapleleafs,"Luchuk, Aaron","$759,166"
mapleleafs,"Kossila, Kalle","$700,000"
mapleleafs,"Robertson, Nicholas","$850,000"
mapleleafs,"Woll, Joseph","$800,000"
mapleleafs,"Hollowell, Mac","$799,766"
mapleleafs,"Duszak, Joseph","$800,000"
mapleleafs,"Veronneau, Max","$925,000"
mapleleafs,"Kossila, Kalle","$97,850"
mapleleafs,"Marchment, Mason",$0
mapleleafs,"Kessel, Phil","$1,200,000"
mapleleafs,"Lehner, Robin","$1,100,000"
canucks,"Myers, Tyler","$6,000,000"
canucks,"Edler, Alexander","$6,000,000"
canucks,"Eriksson, Loui","$6,000,000"
canucks,"Boeser, Brock","$5,875,000"
canucks,"Horvat, Bo","$5,500,000"
canucks,"Miller, J.T.","$5,250,000"
canucks,"Tanev, Christopher","$4,450,000"
canucks,"Sutter, Brandon","$4,375,000"
canucks,"Pearson, Tanner","$3,750,000"
canucks,"Markström, Jacob","$3,666,667"
canucks,"Ferland, Micheal","$3,500,000"
canucks,"Beagle, Jay","$3,000,000"
canucks,"Roussel, Antoine","$3,000,000"
canucks,"Stecher, Troy","$2,325,000"
canucks,"Benn, Jordie","$2,000,000"
canucks,"Leivo, Josh","$1,500,000"
canucks,"Virtanen, Jake","$1,250,000"
canucks,"Toffoli, Tyler","$4,600,000"
canucks,"Demko, Thatcher","$1,050,000"
canucks,"Motte, Tyler","$975,000"
canucks,"Pettersson, Elias","$925,000"
canucks,"Hughes, Quinn","$916,667"
canucks,"Gaudette, Adam","$916,667"
canucks,"Fantenberg, Oscar","$850,000"
canucks,"MacEwen, Zack","$847,500"
canucks,"Domingue, Louis","$1,150,000"
canucks,"Biega, Alex","$825,000"
canucks,"Baertschi, Sven","$3,366,666"
canucks,"Schaller, Tim","$1,900,000"
canucks,"Graovac, Tyler","$700,000"
canucks,"Chatfield, Jalen","$765,000"
canucks,"Bailey, Justin","$750,000"
canucks,"DiPietro, Michael","$811,667"
canucks,"Brisebois, Guillaume","$697,500"
canucks,"Sautner, Ashton","$675,000"
canucks,"Goldobin, Nikolay","$900,000"
canucks,"McIntyre, Zane","$700,000"
canucks,"Juolevi, Olli","$863,333"
canucks,"Perron, Francis","$715,000"
canucks,"Boucher, Reid","$750,000"
canucks,"Jasek, Lukas","$853,333"
canucks,"Pope, David","$925,000"
canucks,"Palmu, Petrus","$825,833"
canucks,"Lind, Kole","$891,666"
canucks,"Bachman, Richard","$675,000"
canucks,"Gadjovich, Jonah","$783,333"
canucks,"Woo, Jett","$891,666"
canucks,"Eliot, Mitch","$822,500"
canucks,"Teves, Josh","$700,000"
canucks,"Silovs, Arturs","$800,000"
canucks,"Kielly, Jake","$925,000"
canucks,"Rafferty, Brogan","$700,000"
capitals,"Ovechkin, Alex","$9,538,462"
capitals,"Carlson, John","$8,000,000"
capitals,"Kuznetsov, Evgeny","$7,800,000"
capitals,"Bäckström, Nicklas","$6,700,000"
capitals,"Holtby, Braden","$6,100,000"
capitals,"Oshie, T.J.","$5,750,000"
capitals,"Wilson, Tom","$5,166,666"
capitals,"Orlov, Dmitry","$5,100,000"
capitals,"Eller, Lars","$3,500,000"
capitals,"Vrána, Jakub","$3,350,000"
capitals,"Pánik, Richard","$2,750,000"
capitals,"Hagelin, Carl","$2,750,000"
capitals,"Jensen, Nick","$2,500,000"
capitals,"Kempný, Michal","$2,500,000"
capitals,"Gudas, Radko","$2,345,000"
capitals,"Hathaway, Garnet","$1,500,000"
capitals,"Samsonov, Ilya","$925,000"
capitals,"Dowd, Nic","$750,000"
capitals,"Boyd, Travis","$800,000"
capitals,"Siegenthaler, Jonas","$714,166"
capitals,"Leipsic, Brendan","$700,000"
capitals,"Dillon, Brenden","$1,635,000"
capitals,"Stephenson, Chandler","$1,050,000"
capitals,"Djoos, Christian","$1,250,000"
capitals,"Kovalchuk, Ilya","$350,000"
capitals,"Lewington, Tyler","$675,000"
capitals,"Malenstyn, Beck","$736,666"
capitals,"Fehérváry, Martin","$805,833"
capitals,"Copley, Pheonix","$1,100,000"
capitals,"O'Brien, Liam","$700,000"
capitals,"Vanecek, Vitek","$716,667"
capitals,"Sgarbossa, Michael","$700,000"
capitals,"Sprong, Daniel","$750,000"
capitals,"Johansen, Lucas","$925,000"
capitals,"Pilon, Garrett","$745,000"
capitals,"Hobbs, Connor","$720,000"
capitals,"Gersich, Shane","$700,000"
capitals,"Williams, Colby","$700,000"
capitals,"Pinho, Brian","$700,000"
capitals,"Jonsson-Fjällby, Axel","$860,000"
capitals,"Geisser, Tobias","$774,444"
capitals,"Bindulis, Kris","$792,500"
capitals,"Leason, Brett","$842,500"
capitals,"Maillet, Philippe","$700,000"
capitals,"Clark, Kody","$839,167"
capitals,"Alexeyev, Alexander","$894,167"
capitals,"Sutter, Riley","$786,667"
capitals,"McMichael, Connor","$925,000"
capitals,"Snively, Joe","$925,000"
capitals,"Protas, Aliaksei","$825,833"
capitals,"Nardella, Bobby","$925,000"
capitals,"Clark, Kody",$0
capitals,"Sutter, Riley",$0
jets,"Wheeler, Blake","$8,250,000"
jets,"Connor, Kyle","$7,142,857"
jets,"Laine, Patrik","$6,750,000"
jets,"Hellebuyck, Connor","$6,166,666"
jets,"Scheifele, Mark","$6,125,000"
jets,"Ehlers, Nikolaj","$6,000,000"
jets,"Little, Bryan","$5,291,666"
jets,"Kulikov, Dmitry","$4,333,333"
jets,"Perreault, Mathieu","$4,125,000"
jets,"Morrissey, Joshua","$3,150,000"
jets,"Pionk, Neal","$3,000,000"
jets,"Lowry, Adam","$2,916,666"
jets,"Copp, Andrew","$2,280,000"
jets,"Brossoit, Laurent","$1,225,000"
jets,"Beaulieu, Nathan","$1,000,000"
jets,"Eakin, Cody","$3,850,000"
jets,"Roslovic, Jack","$894,166"
jets,"Dahlström, Carl","$850,000"
jets,"Poolman, Tucker","$775,000"
jets,"Appleton, Mason","$741,667"
jets,"Letestu, Mark","$700,000"
jets,"Bitetto, Anthony","$700,000"
jets,"Bourque, Gabriel","$700,000"
jets,"Sbisa, Luca","$750,000"
jets,"Shaw, Logan","$700,000"
jets,"Shore, Nick","$750,000"
jets,"Harkins, Jansen","$767,500"
jets,"Niku, Sami","$775,000"
jets,"DeMelo, Dylan","$900,000"
jets,"Gustafsson, David","$817,500"
jets,"Luoto, Joona","$741,667"
jets,"Heinola, Ville","$925,000"
jets,"Spacek, Michael","$750,000"
jets,"Schilling, Cameron","$700,000"
jets,"Chibisov, Andrei","$792,500"
jets,"Nogier, Nelson","$700,000"
jets,"Comrie, Eric","$700,000"
jets,"Suess, C.J.","$700,000"
jets,"Vesalainen, Kristian","$894,167"
jets,"Stanley, Logan","$863,333"
jets,"Lipon, JC","$700,000"
jets,"Byfuglien, Dustin","$7,600,000"
jets,"Berdin, Mikhail","$758,333"
jets,"Kovacevic, Johnny","$792,500"
jets,"McKenzie, Skyler","$741,666"
jets,"Griffith, Seth","$700,000"
jets,"Green, Luke","$733,333"
jets,"Gawanke, Leon","$796,667"
